<?xml version="1.0" ?>
<gadgetron>
    <parameters>
        <p><s>MEAS.sKSpace.lBaseResolution</s>                      <d>siemens.MEAS.sKSpace.lBaseResolution</d></p>
        <p><s>MEAS.sKSpace.lPhaseEncodingLines</s>                  <d>siemens.MEAS.sKSpace.lPhaseEncodingLines</d></p>
        <p><s>MEAS.sKSpace.lPartitions</s>                          <d>siemens.MEAS.sKSpace.lPartitions</d></p>
        <p><s>MEAS.sKSpace.dPhaseResolution</s>                     <d>siemens.MEAS.sKSpace.dPhaseResolution</d></p>
        <p><s>MEAS.sKSpace.dSliceResolution</s>                     <d>siemens.MEAS.sKSpace.dSliceResolution</d></p>
        <p><s>MEAS.sKSpace.ucTrajectory</s>                         <d>siemens.MEAS.sKSpace.ucTrajectory</d></p>
        <p><s>MEAS.sKSpace.lImagesPerSlab</s>                       <d>siemens.MEAS.sKSpace.lImagesPerSlab</d></p>
        <p><s>MEAS.sKSpace.dSliceOversamplingForDialog</s>          <d>siemens.MEAS.sKSpace.dSliceOversamplingForDialog</d></p>
        <p><s>MEAS.sKSpace.ucPhasePartialFourier</s>                <d>siemens.MEAS.sKSpace.ucPhasePartialFourier</d></p>
        <p><s>MEAS.sKSpace.ucSlicePartialFourier</s>                <d>siemens.MEAS.sKSpace.ucSlicePartialFourier</d></p>
        <p><s>MEAS.sKSpace.lRadialViews</s>                         <d>siemens.MEAS.sKSpace.lRadialViews</d></p>
        <p><s>MEAS.sPat.ucPATMode</s>                               <d>siemens.MEAS.sPat.ucPATMode</d></p>
        <p><s>MEAS.sPat.ucRefScanMode</s>                           <d>siemens.MEAS.sPat.ucRefScanMode</d></p>
        <p><s>MEAS.sPat.lAccelFactPE</s>                            <d>siemens.MEAS.sPat.lAccelFactPE</d></p>
        <p><s>MEAS.sPat.lAccelFact3D</s>                            <d>siemens.MEAS.sPat.lAccelFact3D</d></p>
        <p><s>MEAS.sPat.lRefLinesPE</s>                             <d>siemens.MEAS.sPat.lRefLinesPE</d></p>
        <p><s>MEAS.sPat.lRefLines3D</s>                             <d>siemens.MEAS.sPat.lRefLines3D</d></p>
        <p><s>MEAS.sSliceArray.lSize</s>                            <d>siemens.MEAS.sSliceArray.lSize</d></p>
        <p><s>MEAS.sDiffusion.alBValue</s>                          <d>siemens.MEAS.sDiffusion.alBValue</d></p>
        <p><s>MEAS.sRXSPEC.alDwellTime</s>                          <d>siemens.MEAS.sRXSPEC.alDwellTime</d></p>
        <p><s>MEAS.alTR</s>                                         <d>siemens.MEAS.alTR</d></p>
        <p><s>MEAS.alTE</s>                                         <d>siemens.MEAS.alTE</d></p>
        <p><s>MEAS.lContrasts</s>                                   <d>siemens.MEAS.lContrasts</d></p>
        <p><s>MEAS.alTI</s>                                         <d>siemens.MEAS.alTI</d></p>
        <p><s>MEAS.sSliceArray.asSlice.0.dReadoutFOV</s>            <d>siemens.MEAS.sSliceArray.asSlice.s0.dReadoutFOV</d></p>
        <p><s>MEAS.sSliceArray.asSlice.0.dPhaseFOV</s>              <d>siemens.MEAS.sSliceArray.asSlice.s0.dPhaseFOV</d></p>
        <p><s>MEAS.sSliceArray.asSlice.0.dThickness</s>             <d>siemens.MEAS.sSliceArray.asSlice.s0.dThickness</d></p>
        <p><s>MEAS.sAngio.sFlowArray.lSize</s>                      <d>siemens.MEAS.sAngio.sFlowArray.lSize</d></p>
        <p><s>MEAS.sFastImaging.lShots</s>                          <d>siemens.MEAS.sFastImaging.lSegments</d></p>
        <p><s>MEAS.sPhysioImaging.lPhases</s>                       <d>siemens.MEAS.sPhysioImaging.lPhases</d></p>
        <p><s>MEAS.lRepetitions</s>                                 <d>siemens.MEAS.lRepetitions</d></p>
        <p><s>MEAS.lAverages</s>                                    <d>siemens.MEAS.lAverages</d></p>
        <p><s>MEAS.sWiPMemBlock.alFree</s>                          <d>siemens.MEAS.sWipMemBlock.alFree</d></p>
        <p><s>MEAS.sWiPMemBlock.adFree</s>                          <d>siemens.MEAS.sWiPMemBlock.adFree</d></p>

        <p><s>IRIS.DERIVED.phaseOversampling</s>                    <d>siemens.IRIS.DERIVED.phaseOversampling</d></p>
        <p><s>IRIS.DERIVED.ImageColumns</s>                         <d>siemens.IRIS.DERIVED.imageColumns</d></p>
        <p><s>IRIS.DERIVED.ImageLines</s>                           <d>siemens.IRIS.DERIVED.imageLines</d></p>

        <p><s>YAPS.iNoOfFourierColumns</s>                          <d>siemens.YAPS.iNoOfFourierColumns</d></p>
        <p><s>YAPS.iNoOfFourierLines</s>                            <d>siemens.YAPS.iNoOfFourierLines</d></p>
        <p><s>YAPS.iNoOfFourierPartitions</s>                       <d>siemens.YAPS.iNoOfFourierPartitions</d></p>
        <p><s>YAPS.iRoFTLength</s>                                  <d>siemens.YAPS.iRoFTLength</d></p>
        <p><s>YAPS.iPEFTLength</s>                                  <d>siemens.YAPS.iPEFTLength</d></p>
        <p><s>YAPS.i3DFTLength</s>                                  <d>siemens.YAPS.i3DFTLength</d></p>
        <p><s>YAPS.tMRAcquisitionType</s>                           <d>siemens.YAPS.tMRAcquisitionType</d></p>
        <p><s>YAPS.flReadoutOSFactor</s>                            <d>siemens.YAPS.flReadoutOSFactor</d></p>
        <p><s>YAPS.iNSet</s>                                        <d>siemens.YAPS.iNSet</d></p>

        <!-- subjectInformationType --> 
        <p><s>DICOM.tPatientName</s>                                <d>siemens.DICOM.tPatientName</d></p>
        <p><s>YAPS.flUsedPatientWeight</s>                          <d>siemens.YAPS.flUsedPatientWeight</d></p>
        <p><s>IRIS.RECOMPOSE.PatientID</s>                          <d>siemens.IRIS.RECOMPOSE.PatientID</d></p>
        <p><s>IRIS.RECOMPOSE.PatientLOID</s>                        <d>siemens.IRIS.RECOMPOSE.PatientLOID</d></p>
        <p><s>IRIS.RECOMPOSE.PatientBirthDay</s>                    <d>siemens.IRIS.RECOMPOSE.PatientBirthDay</d></p>
        <p><s>DICOM.lPatientSex</s>                                 <d>siemens.DICOM.lPatientSex</d></p>

        <!-- studyInformationType --> 
        <p><s>IRIS.RECOMPOSE.StudyLOID</s>                          <d>siemens.IRIS.RECOMPOSE.StudyLOID</d></p>
        <!-- measurementInformationType --> 
        <p><s>HEADER.MeasUID</s>                                    <d>siemens.HEADER.MeasUID</d></p>
        <p><s>YAPS.tPatientPosition</s>                             <d>siemens.YAPS.tPatientPosition</d></p>
        <p><s>MEAS.tProtocolName</s>                                <d>siemens.MEAS.tProtocolName</d></p>
        <!-- acquisitionSystemInformationType --> 
        <p><s>DICOM.Manufacturer</s>                                <d>siemens.DICOM.Manufacturer</d></p>
        <p><s>DICOM.ManufacturersModelName</s>                      <d>siemens.DICOM.ManufacturersModelName</d></p>
        <p><s>YAPS.flMagneticFieldStrength</s>                      <d>siemens.YAPS.flMagneticFieldStrength</d></p>
        <p><s>YAPS.iMaxNoOfRxChannels</s>                           <d>siemens.YAPS.iMaxNoOfRxChannels</d></p>
        <p><s>DICOM.InstitutionName</s>                             <d>siemens.DICOM.InstitutionName</d></p>
        <!-- experimentalConditionsType --> 
        <p><s>DICOM.lFrequency</s>                                  <d>siemens.DICOM.lFrequency</d></p>
        <!-- dicomParametersType --> 
        <p><s>YAPS.tFrameOfReference</s>                            <d>siemens.YAPS.tFrameOfReference</d></p>
        <p><s>DICOM.Modality</s>                                    <d>siemens.DICOM.Modality</d></p>
        <p><s>DICOM.tScanningSequence</s>                           <d>siemens.DICOM.tScanningSequence</d></p>
        <p><s>DICOM.tMRAcquisitionType</s>                          <d>siemens.DICOM.tMRAcquisitionType</d></p>
        <p><s>DICOM.adFlipAngleDegree</s>                           <d>siemens.DICOM.adFlipAngleDegree</d></p>
        <!-- EPI parameter -->
        <p><s>MEAS.sFastImaging.lEPIFactor</s>                      <d>siemens.MEAS.sFastImaging.lEPIFactor</d></p>
        <p><s>YAPS.lEchoSpacing</s>                                 <d>siemens.YAPS.lEchoSpacing</d></p>
        <p><s>YAPS.alRegridRampupTime</s>                           <d>siemens.YAPS.alRegridRampupTime</d></p>
        <p><s>YAPS.alRegridRampdownTime</s>                         <d>siemens.YAPS.alRegridRampdownTime</d></p>
        <p><s>YAPS.alRegridFlattopTime</s>                          <d>siemens.YAPS.alRegridFlattopTime</d></p>
        <p><s>YAPS.alRegridDelaySamplesTime</s>                     <d>siemens.YAPS.alRegridDelaySamplesTime</d></p>
        <p><s>YAPS.aflRegridADCDuration</s>                         <d>siemens.YAPS.aflRegridADCDuration</d></p>
        <p><s>YAPS.alRegridDestSamples</s>                          <d>siemens.YAPS.alRegridDestSamples</d></p>

        <p><s>YAPS.lFirstFourierLine</s>                            <d>siemens.YAPS.lFirstFourierLine</d></p>
        <p><s>YAPS.lFirstFourierPartition</s>                       <d>siemens.YAPS.lFirstFourierPartition</d></p>

        <!-- user defined parameter -->
        <p><s>MEAS.sProtConsistencyInfo.tBaselineString</s> <d>siemens.MEAS.sProtConsistencyInfo.tBaselineString</d></p>
    </parameters>
</gadgetron>
